{
  "summary": {
    "successRate": 1,
    "total": 10.000602842,
    "slowest": 0.004690192,
    "fastest": 0.000366463,
    "average": 0.0009805031055817052,
    "requestsPerSec": 50902.531381617686,
    "totalData": 6617728,
    "sizePerRequest": 13,
    "sizePerSec": 661732.9079610299
  },
  "responseTimeHistogram": {
    "0.000366463": 1,
    "0.0007988359": 29657,
    "0.0012312088": 474039,
    "0.0016635817000000002": 4853,
    "0.0020959546": 342,
    "0.0025283275": 113,
    "0.0029607004000000003": 2,
    "0.0033930733": 9,
    "0.0038254462": 1,
    "0.0042578191": 16,
    "0.004690192": 23
  },
  "latencyPercentiles": {
    "p10": 0.000849699,
    "p25": 0.000916728,
    "p50": 0.000992081,
    "p75": 0.001052736,
    "p90": 0.001098199,
    "p95": 0.001136361,
    "p99": 0.001234574
  },
  "rps": {
    "mean": 50901.87216495018,
    "stddev": 2842.695316287025,
    "max": 65611.94053173886,
    "percentiles": {
      "p10": 48912.508552169726,
      "p25": 49656.60202580943,
      "p50": 50510.12712956285,
      "p75": 51772.355348189856,
      "p90": 54191.99682555669,
      "p95": 55552.32342037632,
      "p99": 59479.85170091311
    }
  },
  "details": {
    "DNSDialup": {
      "average": 0.0008041741999999999,
      "fastest": 0.000078128,
      "slowest": 0.001294879
    },
    "DNSLookup": {
      "average": 0.000006736419999999999,
      "fastest": 0.000003427,
      "slowest": 0.000026699
    }
  },
  "statusCodeDistribution": {
    "200": 509056
  },
  "errorDistribution": {}
}