{
  "summary": {
    "successRate": 1,
    "total": 10.000666158,
    "slowest": 0.014691138,
    "fastest": 0.00262915,
    "average": 0.00351663225515606,
    "requestsPerSec": 14191.154644880407,
    "totalData": 1844973,
    "sizePerRequest": 13,
    "sizePerSec": 184485.0103834453
  },
  "responseTimeHistogram": {
    "0.00262915": 1,
    "0.0038353488": 121302,
    "0.0050415476": 19584,
    "0.0062477464": 678,
    "0.007453945199999999": 137,
    "0.008660144": 118,
    "0.0098663428": 52,
    "0.0110725416": 6,
    "0.0122787404": 12,
    "0.0134849392": 12,
    "0.014691138": 19
  },
  "latencyPercentiles": {
    "p10": 0.003245974,
    "p25": 0.003311223,
    "p50": 0.003394434,
    "p75": 0.003595359,
    "p90": 0.00398432,
    "p95": 0.004155219,
    "p99": 0.004747889
  },
  "rps": {
    "mean": 14192.495784722641,
    "stddev": 1236.1528299482525,
    "max": 15966.685345852906,
    "percentiles": {
      "p10": 13037.575596626897,
      "p25": 13669.388550157819,
      "p50": 14463.754784715578,
      "p75": 15017.317971083628,
      "p90": 15259.222568711115,
      "p95": 15439.118093512941,
      "p99": 15698.032644056666
    }
  },
  "details": {
    "DNSDialup": {
      "average": 0.00094979738,
      "fastest": 0.0001072,
      "slowest": 0.001958878
    },
    "DNSLookup": {
      "average": 0.000007820839999999999,
      "fastest": 0.000003246,
      "slowest": 0.000028193
    }
  },
  "statusCodeDistribution": {
    "200": 141921
  },
  "errorDistribution": {}
}