{
  "summary": {
    "successRate": 1,
    "total": 10.001281293,
    "slowest": 0.024464328,
    "fastest": 0.003420483,
    "average": 0.004583995976469435,
    "requestsPerSec": 10899.303479874636,
    "totalData": 4251273,
    "sizePerRequest": 39,
    "sizePerSec": 425072.8357151108
  },
  "responseTimeHistogram": {
    "0.003420483": 1,
    "0.0055248675": 101853,
    "0.0076292519999999996": 5848,
    "0.0097336365": 605,
    "0.011838020999999999": 512,
    "0.0139424055": 93,
    "0.01604679": 32,
    "0.0181511745": 35,
    "0.020255559": 10,
    "0.0223599435": 10,
    "0.024464328": 8
  },
  "latencyPercentiles": {
    "p10": 0.003876094,
    "p25": 0.003971982,
    "p50": 0.004600352,
    "p75": 0.004748492,
    "p90": 0.005273163,
    "p95": 0.005722259,
    "p99": 0.008264955
  },
  "rps": {
    "mean": 10895.494814440926,
    "stddev": 1401.6394296390645,
    "max": 12763.04367109351,
    "percentiles": {
      "p10": 9416.135878166853,
      "p25": 10624.562927030951,
      "p50": 11422.325641573827,
      "p75": 11620.902496191029,
      "p90": 11769.096321707439,
      "p95": 11871.462708821036,
      "p99": 12354.629763662471
    }
  },
  "details": {
    "DNSDialup": {
      "average": 0.0008624698199999999,
      "fastest": 0.00019591,
      "slowest": 0.001304114
    },
    "DNSLookup": {
      "average": 0.000007394599999999999,
      "fastest": 0.000003837,
      "slowest": 0.000026589
    }
  },
  "statusCodeDistribution": {
    "200": 109007
  },
  "errorDistribution": {}
}