{
  "summary": {
    "successRate": 1,
    "total": 10.000671162,
    "slowest": 0.005935251,
    "fastest": 0.000259946,
    "average": 0.0009974216690040358,
    "requestsPerSec": 50038.34161665639,
    "totalData": 6505421,
    "sizePerRequest": 13,
    "sizePerSec": 650498.4410165331
  },
  "responseTimeHistogram": {
    "0.000259946": 1,
    "0.0008274765000000001": 38754,
    "0.0013950070000000002": 460159,
    "0.0019625375": 1214,
    "0.0025300680000000003": 183,
    "0.0030975985": 35,
    "0.0036651290000000005": 19,
    "0.0042326595": 3,
    "0.00480019": 11,
    "0.0053677205": 12,
    "0.005935251": 26
  },
  "latencyPercentiles": {
    "p10": 0.000854502,
    "p25": 0.000931315,
    "p50": 0.00101023,
    "p75": 0.001074527,
    "p90": 0.001124701,
    "p95": 0.001165395,
    "p99": 0.001264995
  },
  "rps": {
    "mean": 50037.530816071274,
    "stddev": 3113.7349063693705,
    "max": 75594.50825421934,
    "percentiles": {
      "p10": 47697.921215913964,
      "p25": 48628.44183119036,
      "p50": 49624.64359801015,
      "p75": 51203.12339052712,
      "p90": 53236.58950797124,
      "p95": 55172.452534888595,
      "p99": 58363.441060431964
    }
  },
  "details": {
    "DNSDialup": {
      "average": 0.0007369698199999996,
      "fastest": 0.000070311,
      "slowest": 0.001334881
    },
    "DNSLookup": {
      "average": 0.0000069906799999999984,
      "fastest": 0.000003266,
      "slowest": 0.000025818
    }
  },
  "statusCodeDistribution": {
    "200": 500417
  },
  "errorDistribution": {}
}