{
  "summary": {
    "successRate": 1,
    "total": 10.000573285,
    "slowest": 0.006302841,
    "fastest": 0.000340826,
    "average": 0.001140025504070747,
    "requestsPerSec": 43785.589837812986,
    "totalData": 5692453,
    "sizePerRequest": 13,
    "sizePerSec": 569212.6678915687
  },
  "responseTimeHistogram": {
    "0.000340826": 1,
    "0.0009370275000000001": 10674,
    "0.001533229": 425253,
    "0.0021294305000000005": 1437,
    "0.0027256320000000004": 305,
    "0.0033218335000000003": 66,
    "0.003918035": 48,
    "0.0045142365": 5,
    "0.005110438": 17,
    "0.0057066395": 24,
    "0.006302841": 51
  },
  "latencyPercentiles": {
    "p10": 0.001001388,
    "p25": 0.0010512,
    "p50": 0.001148165,
    "p75": 0.001205587,
    "p90": 0.00126997,
    "p95": 0.001324682,
    "p99": 0.001438805
  },
  "rps": {
    "mean": 43784.89175010148,
    "stddev": 2609.276761778407,
    "max": 60909.112003164344,
    "percentiles": {
      "p10": 41405.10939049767,
      "p25": 43160.18468928172,
      "p50": 44244.924249377305,
      "p75": 45006.32788970617,
      "p90": 45479.31137109525,
      "p95": 45987.59717509791,
      "p99": 49338.71115276894
    }
  },
  "details": {
    "DNSDialup": {
      "average": 0.0006036727999999998,
      "fastest": 0.000078777,
      "slowest": 0.000979075
    },
    "DNSLookup": {
      "average": 0.00000692332,
      "fastest": 0.000003767,
      "slowest": 0.000028343
    }
  },
  "statusCodeDistribution": {
    "200": 437881
  },
  "errorDistribution": {}
}