{
  "summary": {
    "successRate": 1,
    "total": 10.000625752,
    "slowest": 0.003203701,
    "fastest": 0.000033403,
    "average": 0.0005776447467346807,
    "requestsPerSec": 86357.39616866327,
    "totalData": 11227164,
    "sizePerRequest": 13,
    "sizePerSec": 1122646.1501926226
  },
  "responseTimeHistogram": {
    "0.000033403": 1,
    "0.0003504328": 88604,
    "0.0006674626000000001": 546589,
    "0.0009844924000000001": 185894,
    "0.0013015222000000001": 34121,
    "0.001618552": 7408,
    "0.0019355818000000003": 959,
    "0.0022526116": 26,
    "0.0025696414000000002": 14,
    "0.0028866712000000004": 8,
    "0.003203701": 4
  },
  "latencyPercentiles": {
    "p10": 0.000348282,
    "p25": 0.000432956,
    "p50": 0.000540301,
    "p75": 0.000679924,
    "p90": 0.000861665,
    "p95": 0.000981919,
    "p99": 0.001296067
  },
  "rps": {
    "mean": 86357.58059361059,
    "stddev": 10636.710218642578,
    "max": 104678.7498234835,
    "percentiles": {
      "p10": 70232.30686114842,
      "p25": 78708.82325908853,
      "p50": 88410.50316778349,
      "p75": 94910.17487451465,
      "p90": 98626.98580966625,
      "p95": 100681.57922813197,
      "p99": 102898.5026705771
    }
  },
  "details": {
    "DNSDialup": {
      "average": 0.00086605958,
      "fastest": 0.000087704,
      "slowest": 0.001503473
    },
    "DNSLookup": {
      "average": 0.00000794938,
      "fastest": 0.000003557,
      "slowest": 0.000025287
    }
  },
  "statusCodeDistribution": {
    "200": 863628
  },
  "errorDistribution": {}
}