{
  "summary": {
    "successRate": 1,
    "total": 10.000552957,
    "slowest": 0.004884165,
    "fastest": 0.000199322,
    "average": 0.0009702493027189122,
    "requestsPerSec": 51436.95575752552,
    "totalData": 6687174,
    "sizePerRequest": 13,
    "sizePerSec": 668680.4248478317
  },
  "responseTimeHistogram": {
    "0.000199322": 1,
    "0.0006678063000000001": 16111,
    "0.0011362906": 473619,
    "0.0016047749": 23984,
    "0.0020732592": 594,
    "0.0025417435": 25,
    "0.0030102278": 14,
    "0.0034787121": 0,
    "0.0039471964": 16,
    "0.004415680700000001": 17,
    "0.004884165": 17
  },
  "latencyPercentiles": {
    "p10": 0.000826418,
    "p25": 0.000907314,
    "p50": 0.000984295,
    "p75": 0.001047461,
    "p90": 0.001094795,
    "p95": 0.001133807,
    "p99": 0.001237441
  },
  "rps": {
    "mean": 51437.10570403049,
    "stddev": 3261.901249296182,
    "max": 72101.21130034914,
    "percentiles": {
      "p10": 49004.72895634434,
      "p25": 49848.093440555975,
      "p50": 50904.32130405414,
      "p75": 52671.0276794858,
      "p90": 55201.006478133,
      "p95": 57015.00496651704,
      "p99": 60034.76002583182
    }
  },
  "details": {
    "DNSDialup": {
      "average": 0.0005478517200000001,
      "fastest": 0.00007522,
      "slowest": 0.000975234
    },
    "DNSLookup": {
      "average": 0.0000070405399999999975,
      "fastest": 0.000003367,
      "slowest": 0.0000267
    }
  },
  "statusCodeDistribution": {
    "200": 514398
  },
  "errorDistribution": {}
}