{
  "summary": {
    "successRate": 1,
    "total": 10.00054642,
    "slowest": 0.014551369,
    "fastest": 0.000496153,
    "average": 0.0015905108691213693,
    "requestsPerSec": 31391.48470649267,
    "totalData": 4081116,
    "sizePerRequest": 13,
    "sizePerSec": 408089.3011844047
  },
  "responseTimeHistogram": {
    "0.000496153": 1,
    "0.0019016745999999999": 282463,
    "0.0033071961999999997": 30219,
    "0.004712717799999999": 575,
    "0.006118239399999999": 517,
    "0.0075237609999999995": 101,
    "0.008929282599999998": 6,
    "0.010334804199999999": 0,
    "0.0117403258": 0,
    "0.013145847399999997": 0,
    "0.014551368999999998": 50
  },
  "latencyPercentiles": {
    "p10": 0.001089886,
    "p25": 0.00143093,
    "p50": 0.001641713,
    "p75": 0.001712826,
    "p90": 0.001903469,
    "p95": 0.002096151,
    "p99": 0.002583762
  },
  "rps": {
    "mean": 31404.256022265858,
    "stddev": 3171.6684525587475,
    "max": 35783.20830400274,
    "percentiles": {
      "p10": 29387.943420686337,
      "p25": 30726.459413329987,
      "p50": 31859.78406260559,
      "p75": 33106.82828836609,
      "p90": 33897.019408217086,
      "p95": 34545.57034583479,
      "p99": 35365.28539363242
    }
  },
  "details": {
    "DNSDialup": {
      "average": 0.0008535875600000001,
      "fastest": 0.000121877,
      "slowest": 0.001392151
    },
    "DNSLookup": {
      "average": 0.000006755100000000001,
      "fastest": 0.000003777,
      "slowest": 0.000026931
    }
  },
  "statusCodeDistribution": {
    "200": 313932
  },
  "errorDistribution": {}
}