{
  "summary": {
    "successRate": 1,
    "total": 10.00056322,
    "slowest": 0.185028465,
    "fastest": 0.00047158,
    "average": 0.0027735578864893553,
    "requestsPerSec": 17988.486852443497,
    "totalData": 2338635,
    "sizePerRequest": 13,
    "sizePerSec": 233850.32908176546
  },
  "responseTimeHistogram": {
    "0.00047158": 1,
    "0.0189272685": 179852,
    "0.037382957": 7,
    "0.055838645500000006": 6,
    "0.074294334": 6,
    "0.0927500225": 4,
    "0.11120571100000001": 4,
    "0.1296613995": 5,
    "0.148117088": 3,
    "0.16657277650000002": 3,
    "0.185028465": 4
  },
  "latencyPercentiles": {
    "p10": 0.002545921,
    "p25": 0.00258331,
    "p50": 0.002637334,
    "p75": 0.002771471,
    "p90": 0.002961511,
    "p95": 0.003081888,
    "p99": 0.005322551
  },
  "rps": {
    "mean": 17983.817420619165,
    "stddev": 1918.1722621513738,
    "max": 22320.86525325912,
    "percentiles": {
      "p10": 16669.443233566468,
      "p25": 17656.860387506178,
      "p50": 18562.693641504673,
      "p75": 18848.58977959238,
      "p90": 19045.797524728474,
      "p95": 19149.286433422214,
      "p99": 19453.462004280842
    }
  },
  "details": {
    "DNSDialup": {
      "average": 0.00091747792,
      "fastest": 0.000090839,
      "slowest": 0.001712386
    },
    "DNSLookup": {
      "average": 0.000008083900000000002,
      "fastest": 0.000003437,
      "slowest": 0.000039705
    }
  },
  "statusCodeDistribution": {
    "200": 179895
  },
  "errorDistribution": {}
}