{
  "summary": {
    "successRate": 1,
    "total": 10.000631692,
    "slowest": 0.005508467,
    "fastest": 0.000328703,
    "average": 0.0009697251140997531,
    "requestsPerSec": 51465.74894981144,
    "totalData": 6690970,
    "sizePerRequest": 13,
    "sizePerSec": 669054.7363475487
  },
  "responseTimeHistogram": {
    "0.000328703": 1,
    "0.0008466794000000001": 57564,
    "0.0013646558000000003": 455782,
    "0.0018826322000000005": 1043,
    "0.0024006086000000005": 231,
    "0.0029185850000000004": 13,
    "0.003436561400000001": 8,
    "0.0039545378": 18,
    "0.0044725142": 26,
    "0.0049904906": 3,
    "0.005508467": 1
  },
  "latencyPercentiles": {
    "p10": 0.00083629,
    "p25": 0.000907744,
    "p50": 0.000982223,
    "p75": 0.001043066,
    "p90": 0.001089833,
    "p95": 0.00112786,
    "p99": 0.001221629
  },
  "rps": {
    "mean": 51464.61426062431,
    "stddev": 3036.8968817441587,
    "max": 73874.0324456278,
    "percentiles": {
      "p10": 49437.9881500948,
      "p25": 50108.18266623103,
      "p50": 50930.41054813595,
      "p75": 52071.28037570617,
      "p90": 54868.3275282628,
      "p95": 56480.032205636795,
      "p99": 60436.23756804546
    }
  },
  "details": {
    "DNSDialup": {
      "average": 0.0006314612399999998,
      "fastest": 0.000075932,
      "slowest": 0.00147778
    },
    "DNSLookup": {
      "average": 0.0000069627599999999985,
      "fastest": 0.000003888,
      "slowest": 0.000025287
    }
  },
  "statusCodeDistribution": {
    "200": 514690
  },
  "errorDistribution": {}
}