{
  "summary": {
    "successRate": 1,
    "total": 10.000587118,
    "slowest": 0.154340784,
    "fastest": 0.000333482,
    "average": 0.0025338560778632624,
    "requestsPerSec": 19683.344355422872,
    "totalData": 2558985,
    "sizePerRequest": 13,
    "sizePerSec": 255883.47662049736
  },
  "responseTimeHistogram": {
    "0.000333482": 1,
    "0.0157342122": 196800,
    "0.0311349424": 8,
    "0.0465356726": 6,
    "0.061936402800000005": 5,
    "0.077337133": 5,
    "0.09273786319999999": 5,
    "0.1081385934": 4,
    "0.1235393236": 3,
    "0.1389400538": 4,
    "0.154340784": 4
  },
  "latencyPercentiles": {
    "p10": 0.002300152,
    "p25": 0.002364292,
    "p50": 0.002445385,
    "p75": 0.002552123,
    "p90": 0.002717982,
    "p95": 0.00279855,
    "p99": 0.004846479
  },
  "rps": {
    "mean": 19682.757893714563,
    "stddev": 1842.805277476517,
    "max": 22101.277453836017,
    "percentiles": {
      "p10": 18212.287860805565,
      "p25": 19499.311945671085,
      "p50": 20101.139734623062,
      "p75": 20512.47774020922,
      "p90": 20906.615375771013,
      "p95": 21048.264897522473,
      "p99": 21508.876713420967
    }
  },
  "details": {
    "DNSDialup": {
      "average": 0.0005541653,
      "fastest": 0.000091598,
      "slowest": 0.000870366
    },
    "DNSLookup": {
      "average": 0.000006711799999999998,
      "fastest": 0.000003426,
      "slowest": 0.000030567
    }
  },
  "statusCodeDistribution": {
    "200": 196845
  },
  "errorDistribution": {}
}