{
  "summary": {
    "successRate": 1,
    "total": 10.000606123,
    "slowest": 0.005972292,
    "fastest": 0.000132147,
    "average": 0.0010461793936274962,
    "requestsPerSec": 47708.20829576631,
    "totalData": 6202443,
    "sizePerRequest": 13,
    "sizePerSec": 620206.707844962
  },
  "responseTimeHistogram": {
    "0.000132147": 1,
    "0.0007161614999999999": 7655,
    "0.001300176": 463826,
    "0.0018841904999999997": 5132,
    "0.002468205": 343,
    "0.0030522195": 47,
    "0.0036362339999999995": 7,
    "0.0042202485": 0,
    "0.004804263": 24,
    "0.005388277499999999": 16,
    "0.005972292": 60
  },
  "latencyPercentiles": {
    "p10": 0.000911882,
    "p25": 0.000975847,
    "p50": 0.001056264,
    "p75": 0.00112157,
    "p90": 0.001166321,
    "p95": 0.001202644,
    "p99": 0.001314588
  },
  "rps": {
    "mean": 47706.30824054061,
    "stddev": 2719.3031050341187,
    "max": 55086.05543580203,
    "percentiles": {
      "p10": 45626.645961240974,
      "p25": 46647.337718316965,
      "p50": 47635.46687631676,
      "p75": 48894.830351607576,
      "p90": 50512.19773410102,
      "p95": 51312.5510499873,
      "p99": 53458.43541574603
    }
  },
  "details": {
    "DNSDialup": {
      "average": 0.00084634708,
      "fastest": 0.000097998,
      "slowest": 0.001364283
    },
    "DNSLookup": {
      "average": 0.000008492660000000001,
      "fastest": 0.000003307,
      "slowest": 0.000030877
    }
  },
  "statusCodeDistribution": {
    "200": 477111
  },
  "errorDistribution": {}
}