{
  "summary": {
    "successRate": 1,
    "total": 10.001073568,
    "slowest": 0.004634509,
    "fastest": 0.000032868,
    "average": 0.0005854709732168487,
    "requestsPerSec": 85197.25349549593,
    "totalData": 11076832,
    "sizePerRequest": 13,
    "sizePerSec": 1107564.295441447
  },
  "responseTimeHistogram": {
    "0.000032868": 1,
    "0.0004930321": 314302,
    "0.0009531962000000001": 477111,
    "0.0014133603000000001": 57138,
    "0.0018735244": 3343,
    "0.0023336885": 106,
    "0.0027938526000000005": 43,
    "0.0032540167000000004": 13,
    "0.0037141808000000004": 4,
    "0.004174344900000001": 1,
    "0.004634509": 2
  },
  "latencyPercentiles": {
    "p10": 0.000374965,
    "p25": 0.000457985,
    "p50": 0.000529766,
    "p75": 0.000679197,
    "p90": 0.000888948,
    "p95": 0.000998559,
    "p99": 0.001273769
  },
  "rps": {
    "mean": 85197.44972322504,
    "stddev": 9826.938572973326,
    "max": 105366.79200945728,
    "percentiles": {
      "p10": 68980.5278682319,
      "p25": 80543.14933932024,
      "p50": 86731.43281328485,
      "p75": 91308.7747732538,
      "p90": 97003.01113513482,
      "p95": 99818.46641628718,
      "p99": 102989.3459124595
    }
  },
  "details": {
    "DNSDialup": {
      "average": 0.0007286564,
      "fastest": 0.000077614,
      "slowest": 0.001522141
    },
    "DNSLookup": {
      "average": 0.000032782739999999996,
      "fastest": 0.000003056,
      "slowest": 0.00132316
    }
  },
  "statusCodeDistribution": {
    "200": 852064
  },
  "errorDistribution": {}
}