{
  "summary": {
    "successRate": 1,
    "total": 10.000601572,
    "slowest": 0.024723394,
    "fastest": 0.005111305,
    "average": 0.007903033274130031,
    "requestsPerSec": 6318.51989553494,
    "totalData": 821457,
    "sizePerRequest": 13,
    "sizePerSec": 82140.75864195422
  },
  "responseTimeHistogram": {
    "0.005111305": 1,
    "0.0070725139": 15624,
    "0.0090337228": 36970,
    "0.010994931699999998": 9098,
    "0.012956140599999999": 570,
    "0.0149173495": 769,
    "0.0168785584": 121,
    "0.018839767299999997": 9,
    "0.020800976199999998": 9,
    "0.0227621851": 7,
    "0.024723394": 11
  },
  "latencyPercentiles": {
    "p10": 0.00654337,
    "p25": 0.007085013,
    "p50": 0.007734587,
    "p75": 0.008278171,
    "p90": 0.009522424,
    "p95": 0.009915346,
    "p99": 0.014156372
  },
  "rps": {
    "mean": 6342.40975552125,
    "stddev": 1234.4649747378696,
    "max": 10323.815062618234,
    "percentiles": {
      "p10": 5200.704175345284,
      "p25": 5537.004130826316,
      "p50": 6405.6344985952455,
      "p75": 7032.596789378559,
      "p90": 7728.228126053157,
      "p95": 8254.631441540028,
      "p99": 9157.515077040378
    }
  },
  "details": {
    "DNSDialup": {
      "average": 0.0005188569200000001,
      "fastest": 0.000080129,
      "slowest": 0.000895903
    },
    "DNSLookup": {
      "average": 0.000006229559999999998,
      "fastest": 0.000003246,
      "slowest": 0.000025768
    }
  },
  "statusCodeDistribution": {
    "200": 63189
  },
  "errorDistribution": {}
}