{
  "summary": {
    "successRate": 1,
    "total": 10.000756794,
    "slowest": 0.011291566,
    "fastest": 0.000661526,
    "average": 0.0014629532176059594,
    "requestsPerSec": 34132.51687160267,
    "totalData": 4437563,
    "sizePerRequest": 13,
    "sizePerSec": 443722.71933083463
  },
  "responseTimeHistogram": {
    "0.000661526": 1,
    "0.00172453": 332296,
    "0.002787534": 8261,
    "0.0038505379999999997": 542,
    "0.004913542": 124,
    "0.005976546": 30,
    "0.0070395499999999995": 0,
    "0.008102554": 61,
    "0.009165558": 12,
    "0.010228562": 18,
    "0.011291566": 6
  },
  "latencyPercentiles": {
    "p10": 0.001283067,
    "p25": 0.001330883,
    "p50": 0.00148461,
    "p75": 0.001548216,
    "p90": 0.001605456,
    "p95": 0.001653372,
    "p99": 0.001963805
  },
  "rps": {
    "mean": 34127.65880656203,
    "stddev": 2363.136488562656,
    "max": 37291.81538391393,
    "percentiles": {
      "p10": 33533.929630002036,
      "p25": 34259.134692393236,
      "p50": 34525.541995968364,
      "p75": 34813.92208744208,
      "p90": 35240.42429070339,
      "p95": 35402.72159178845,
      "p99": 35671.40960910486
    }
  },
  "details": {
    "DNSDialup": {
      "average": 0.00073873206,
      "fastest": 0.000106328,
      "slowest": 0.001575473
    },
    "DNSLookup": {
      "average": 0.000007631,
      "fastest": 0.000003587,
      "slowest": 0.00005367
    }
  },
  "statusCodeDistribution": {
    "200": 341351
  },
  "errorDistribution": {}
}