{
  "summary": {
    "successRate": 1,
    "total": 10.000638921,
    "slowest": 0.008831694,
    "fastest": 0.000494744,
    "average": 0.001239086620589531,
    "requestsPerSec": 40290.72574092189,
    "totalData": 5238129,
    "sizePerRequest": 13,
    "sizePerSec": 523779.43463198456
  },
  "responseTimeHistogram": {
    "0.000494744": 1,
    "0.0013284389999999998": 327553,
    "0.002162134": 74627,
    "0.002995829": 489,
    "0.003829524": 91,
    "0.004663219": 22,
    "0.005496914": 61,
    "0.006330609": 60,
    "0.007164304": 9,
    "0.007997998999999999": 9,
    "0.008831694": 11
  },
  "latencyPercentiles": {
    "p10": 0.001078575,
    "p25": 0.001129378,
    "p50": 0.001242005,
    "p75": 0.001303673,
    "p90": 0.001397367,
    "p95": 0.001477167,
    "p99": 0.001601549
  },
  "rps": {
    "mean": 40287.329114249806,
    "stddev": 2700.324606668567,
    "max": 44249.091410275265,
    "percentiles": {
      "p10": 37397.93605616373,
      "p25": 39753.00267847119,
      "p50": 41050.044108772716,
      "p75": 41743.58122197288,
      "p90": 42183.220995157266,
      "p95": 42492.757440215384,
      "p99": 43286.435649251616
    }
  },
  "details": {
    "DNSDialup": {
      "average": 0.0007479954600000002,
      "fastest": 0.000076095,
      "slowest": 0.001424193
    },
    "DNSLookup": {
      "average": 0.000006396160000000001,
      "fastest": 0.000003246,
      "slowest": 0.000026729
    }
  },
  "statusCodeDistribution": {
    "200": 402933
  },
  "errorDistribution": {}
}