{
  "summary": {
    "successRate": 1,
    "total": 10.000667363,
    "slowest": 0.006452453,
    "fastest": 0.000423229,
    "average": 0.0012569945934545932,
    "requestsPerSec": 39710.74985148469,
    "totalData": 5162742,
    "sizePerRequest": 13,
    "sizePerSec": 516239.74806930096
  },
  "responseTimeHistogram": {
    "0.000423229": 1,
    "0.0010261514": 68471,
    "0.0016290738": 311036,
    "0.0022319962": 15465,
    "0.0028349186": 1346,
    "0.0034378409999999996": 118,
    "0.0040407634": 47,
    "0.0046436858": 14,
    "0.0052466082": 144,
    "0.0058495306": 196,
    "0.0064524529999999995": 296
  },
  "latencyPercentiles": {
    "p10": 0.000932764,
    "p25": 0.001129027,
    "p50": 0.001277163,
    "p75": 0.001349198,
    "p90": 0.001424648,
    "p95": 0.001578201,
    "p99": 0.002142009
  },
  "rps": {
    "mean": 39716.35891432985,
    "stddev": 3391.2301894708917,
    "max": 46071.32256727224,
    "percentiles": {
      "p10": 36703.19317780741,
      "p25": 38373.181494424076,
      "p50": 40324.27231999541,
      "p75": 41606.20108907232,
      "p90": 42801.32256086723,
      "p95": 43651.07175395234,
      "p99": 44734.940203943785
    }
  },
  "details": {
    "DNSDialup": {
      "average": 0.0007301639999999999,
      "fastest": 0.000088846,
      "slowest": 0.001637624
    },
    "DNSLookup": {
      "average": 0.000007110819999999999,
      "fastest": 0.000003867,
      "slowest": 0.000024606
    }
  },
  "statusCodeDistribution": {
    "200": 397134
  },
  "errorDistribution": {}
}