{
  "summary": {
    "successRate": 1,
    "total": 10.000629992,
    "slowest": 0.003588369,
    "fastest": 0.000037731,
    "average": 0.0006220839227129764,
    "requestsPerSec": 80181.74861398271,
    "totalData": 10424284,
    "sizePerRequest": 13,
    "sizePerSec": 1042362.7319817753
  },
  "responseTimeHistogram": {
    "0.000037731": 1,
    "0.0003927948": 126000,
    "0.0007478586000000001": 468491,
    "0.0011029224000000002": 170861,
    "0.0014579862000000002": 27505,
    "0.00181305": 7590,
    "0.0021681138000000004": 1313,
    "0.0025231776000000004": 47,
    "0.0028782414000000003": 33,
    "0.0032333052": 0,
    "0.003588369": 27
  },
  "latencyPercentiles": {
    "p10": 0.000352908,
    "p25": 0.000443866,
    "p50": 0.000568572,
    "p75": 0.000757456,
    "p90": 0.000948046,
    "p95": 0.001081018,
    "p99": 0.001486952
  },
  "rps": {
    "mean": 80189.0858837967,
    "stddev": 12600.73407022136,
    "max": 104453.6891962475,
    "percentiles": {
      "p10": 59612.005857984346,
      "p25": 71638.45564322128,
      "p50": 82414.28388746714,
      "p75": 90238.40546536606,
      "p90": 94902.83759484488,
      "p95": 97088.09922563,
      "p99": 100751.50598438639
    }
  },
  "details": {
    "DNSDialup": {
      "average": 0.0008032094000000002,
      "fastest": 0.000090209,
      "slowest": 0.001126058
    },
    "DNSLookup": {
      "average": 0.000009772900000000003,
      "fastest": 0.000003416,
      "slowest": 0.000156762
    }
  },
  "statusCodeDistribution": {
    "200": 801868
  },
  "errorDistribution": {}
}