{
  "summary": {
    "successRate": 1,
    "total": 10.000668481,
    "slowest": 0.010956539,
    "fastest": 0.000597338,
    "average": 0.0016107893024584273,
    "requestsPerSec": 31001.52760678239,
    "totalData": 4030468,
    "sizePerRequest": 13,
    "sizePerSec": 403019.85888817103
  },
  "responseTimeHistogram": {
    "0.000597338": 1,
    "0.0016332581": 245503,
    "0.0026691782000000004": 62586,
    "0.0037050983": 1267,
    "0.004741018400000001": 350,
    "0.005776938500000001": 78,
    "0.006812858600000001": 132,
    "0.0078487787": 75,
    "0.0088846988": 15,
    "0.0099206189": 10,
    "0.010956539000000001": 19
  },
  "latencyPercentiles": {
    "p10": 0.001504498,
    "p25": 0.001535355,
    "p50": 0.001575483,
    "p75": 0.001621609,
    "p90": 0.001702106,
    "p95": 0.001808959,
    "p99": 0.002378188
  },
  "rps": {
    "mean": 30995.374049479,
    "stddev": 2707.266578425143,
    "max": 33138.978429040806,
    "percentiles": {
      "p10": 30235.577478364943,
      "p25": 31149.97078313077,
      "p50": 31542.855700900072,
      "p75": 32033.856583022083,
      "p90": 32282.510707707086,
      "p95": 32463.981719531832,
      "p99": 32852.70172919024
    }
  },
  "details": {
    "DNSDialup": {
      "average": 0.00056467782,
      "fastest": 0.000070692,
      "slowest": 0.000989907
    },
    "DNSLookup": {
      "average": 0.000007027359999999999,
      "fastest": 0.000003256,
      "slowest": 0.000030908
    }
  },
  "statusCodeDistribution": {
    "200": 310036
  },
  "errorDistribution": {}
}