{
  "summary": {
    "successRate": 1,
    "total": 10.000596531,
    "slowest": 0.006117617,
    "fastest": 0.000215772,
    "average": 0.0010771830509675592,
    "requestsPerSec": 46340.435649358165,
    "totalData": 6024616,
    "sizePerRequest": 13,
    "sizePerSec": 602425.6634416562
  },
  "responseTimeHistogram": {
    "0.000215772": 1,
    "0.0008059565": 4182,
    "0.0013961409999999998": 457254,
    "0.0019863255": 1692,
    "0.0025765099999999997": 170,
    "0.0031666944999999996": 41,
    "0.003756879": 34,
    "0.0043470635": 21,
    "0.004937248": 14,
    "0.0055274325": 6,
    "0.006117617": 17
  },
  "latencyPercentiles": {
    "p10": 0.000996568,
    "p25": 0.001032173,
    "p50": 0.001073003,
    "p75": 0.001116841,
    "p90": 0.001166387,
    "p95": 0.001205136,
    "p99": 0.001301909
  },
  "rps": {
    "mean": 46339.46526137404,
    "stddev": 2177.158694617422,
    "max": 67179.45313922784,
    "percentiles": {
      "p10": 45127.548503090096,
      "p25": 45788.95878913595,
      "p50": 46372.31298486421,
      "p75": 47080.597274474174,
      "p90": 47593.239916321276,
      "p95": 48255.83312489956,
      "p99": 50779.373057383076
    }
  },
  "details": {
    "DNSDialup": {
      "average": 0.00084531156,
      "fastest": 0.000121577,
      "slowest": 0.001411987
    },
    "DNSLookup": {
      "average": 0.000007370799999999999,
      "fastest": 0.000003717,
      "slowest": 0.000025417
    }
  },
  "statusCodeDistribution": {
    "200": 463432
  },
  "errorDistribution": {}
}