{
  "summary": {
    "successRate": 1,
    "total": 10.000673181,
    "slowest": 0.008921851,
    "fastest": 0.000625968,
    "average": 0.0013758394142473227,
    "requestsPerSec": 36292.05688768523,
    "totalData": 4718285,
    "sizePerRequest": 13,
    "sizePerSec": 471796.739539908
  },
  "responseTimeHistogram": {
    "0.000625968": 1,
    "0.0014555562999999999": 271367,
    "0.0022851446": 90574,
    "0.0031147329": 696,
    "0.0039443212": 171,
    "0.0047739095": 36,
    "0.0056034978": 1,
    "0.006433086100000001": 0,
    "0.0072626744": 11,
    "0.0080922627": 31,
    "0.008921851": 57
  },
  "latencyPercentiles": {
    "p10": 0.001208423,
    "p25": 0.001257294,
    "p50": 0.001391334,
    "p75": 0.001456125,
    "p90": 0.001513171,
    "p95": 0.001563187,
    "p99": 0.001809376
  },
  "rps": {
    "mean": 36289.00223536736,
    "stddev": 2370.8605592485555,
    "max": 40765.375432581975,
    "percentiles": {
      "p10": 35404.531780067984,
      "p25": 36389.37594626252,
      "p50": 36699.5702409582,
      "p75": 37103.40980336044,
      "p90": 37543.95389724417,
      "p95": 37726.29964067581,
      "p99": 38467.814789212156
    }
  },
  "details": {
    "DNSDialup": {
      "average": 0.0007815818799999999,
      "fastest": 0.000071954,
      "slowest": 0.001762632
    },
    "DNSLookup": {
      "average": 0.000006661839999999999,
      "fastest": 0.000003226,
      "slowest": 0.000027731
    }
  },
  "statusCodeDistribution": {
    "200": 362945
  },
  "errorDistribution": {}
}