{
  "summary": {
    "successRate": 1,
    "total": 10.00068921,
    "slowest": 0.006554128,
    "fastest": 0.000402982,
    "average": 0.0012216091465598532,
    "requestsPerSec": 40867.183392853374,
    "totalData": 5313100,
    "sizePerRequest": 13,
    "sizePerSec": 531273.3841070939
  },
  "responseTimeHistogram": {
    "0.000402982": 1,
    "0.0010180966": 12729,
    "0.0016332112000000001": 393793,
    "0.0022483258": 1771,
    "0.0028634404000000002": 241,
    "0.0034785550000000004": 65,
    "0.0040936696": 8,
    "0.0047087842": 15,
    "0.0053238988": 11,
    "0.0059390134": 11,
    "0.006554128": 55
  },
  "latencyPercentiles": {
    "p10": 0.001069268,
    "p25": 0.001119156,
    "p50": 0.00122977,
    "p75": 0.001292114,
    "p90": 0.001364096,
    "p95": 0.001445697,
    "p99": 0.001574708
  },
  "rps": {
    "mean": 40867.93018714828,
    "stddev": 2429.5120930955195,
    "max": 47022.29318882151,
    "percentiles": {
      "p10": 37950.363765398935,
      "p25": 40505.943294690034,
      "p50": 41428.42368696802,
      "p75": 42066.932696611584,
      "p90": 42742.785528312874,
      "p95": 43134.68720615025,
      "p99": 44185.299892157665
    }
  },
  "details": {
    "DNSDialup": {
      "average": 0.00069114522,
      "fastest": 0.00006955,
      "slowest": 0.001146958
    },
    "DNSLookup": {
      "average": 0.000006970819999999998,
      "fastest": 0.000003437,
      "slowest": 0.000028904
    }
  },
  "statusCodeDistribution": {
    "200": 408700
  },
  "errorDistribution": {}
}