{
  "summary": {
    "successRate": 1,
    "total": 10.00063352,
    "slowest": 0.006521411,
    "fastest": 0.000297997,
    "average": 0.001186053703052176,
    "requestsPerSec": 42089.23356287533,
    "totalData": 5471947,
    "sizePerRequest": 13,
    "sizePerSec": 547160.0363173792
  },
  "responseTimeHistogram": {
    "0.000297997": 1,
    "0.0009203384000000001": 52425,
    "0.0015426798": 352303,
    "0.0021650212": 13499,
    "0.0027873626": 1898,
    "0.003409704": 94,
    "0.004032045400000001": 42,
    "0.0046543868": 7,
    "0.0052767282000000006": 60,
    "0.005899069600000001": 481,
    "0.006521411": 109
  },
  "latencyPercentiles": {
    "p10": 0.000889823,
    "p25": 0.001060028,
    "p50": 0.001203165,
    "p75": 0.001275752,
    "p90": 0.001345826,
    "p95": 0.001459253,
    "p99": 0.002106378
  },
  "rps": {
    "mean": 42100.24437421098,
    "stddev": 3733.910526562255,
    "max": 53460.32968911192,
    "percentiles": {
      "p10": 38478.19656078731,
      "p25": 40701.884497253566,
      "p50": 42808.75010852229,
      "p75": 44142.03963170857,
      "p90": 45426.09932416602,
      "p95": 46164.02066305787,
      "p99": 47874.53106997192
    }
  },
  "details": {
    "DNSDialup": {
      "average": 0.0008675586200000001,
      "fastest": 0.000163528,
      "slowest": 0.001342513
    },
    "DNSLookup": {
      "average": 0.000007444880000000001,
      "fastest": 0.000003436,
      "slowest": 0.00002707
    }
  },
  "statusCodeDistribution": {
    "200": 420919
  },
  "errorDistribution": {}
}