{
  "summary": {
    "successRate": 1,
    "total": 10.001058696,
    "slowest": 0.010612656,
    "fastest": 0.000483262,
    "average": 0.0015473278193333685,
    "requestsPerSec": 32269.283663846225,
    "totalData": 4195451,
    "sizePerRequest": 13,
    "sizePerSec": 419500.68763000093
  },
  "responseTimeHistogram": {
    "0.000483262": 1,
    "0.0014962013999999999": 114279,
    "0.0025091408": 205670,
    "0.0035220801999999996": 1942,
    "0.0045350196": 230,
    "0.005547959": 63,
    "0.006560898399999999": 420,
    "0.007573837799999999": 72,
    "0.0085867772": 0,
    "0.009599716599999999": 0,
    "0.010612656": 50
  },
  "latencyPercentiles": {
    "p10": 0.001069989,
    "p25": 0.001313615,
    "p50": 0.001605827,
    "p75": 0.001701253,
    "p90": 0.001839734,
    "p95": 0.002129091,
    "p99": 0.002456264
  },
  "rps": {
    "mean": 32262.331472937567,
    "stddev": 3596.100823154095,
    "max": 42258.05357197181,
    "percentiles": {
      "p10": 29513.836086357183,
      "p25": 30931.79479186671,
      "p50": 32608.321643683405,
      "p75": 33837.46822856956,
      "p90": 35373.630211282616,
      "p95": 37183.986364530596,
      "p99": 40488.255811717696
    }
  },
  "details": {
    "DNSDialup": {
      "average": 0.0008093318000000002,
      "fastest": 0.000090158,
      "slowest": 0.001766023
    },
    "DNSLookup": {
      "average": 0.000008129020000000003,
      "fastest": 0.000003206,
      "slowest": 0.000025748
    }
  },
  "statusCodeDistribution": {
    "200": 322727
  },
  "errorDistribution": {}
}