{
  "summary": {
    "successRate": 0.8915652579739622,
    "total": 10.000690687,
    "slowest": 0.013356561,
    "fastest": 0.00024082,
    "average": 0.0008488567832183478,
    "requestsPerSec": 57420.43404526705,
    "totalData": 6655688,
    "sizePerRequest": 13,
    "sizePerSec": 665522.8332030904
  },
  "responseTimeHistogram": {
    "0.00024082": 1,
    "0.0015523941": 511200,
    "0.0028639682000000002": 625,
    "0.0041755423000000005": 50,
    "0.0054871164": 49,
    "0.0067986905": 1,
    "0.0081102646": 0,
    "0.009421838699999999": 0,
    "0.0107334128": 0,
    "0.0120449869": 0,
    "0.013356561": 50
  },
  "latencyPercentiles": {
    "p10": 0.000600741,
    "p25": 0.000668337,
    "p50": 0.000859026,
    "p75": 0.001010776,
    "p90": 0.00108827,
    "p95": 0.001132439,
    "p99": 0.001247648
  },
  "rps": {
    "mean": 58764.736564615894,
    "stddev": 9666.142984236521,
    "max": 79417.90079484068,
    "percentiles": {
      "p10": 48503.064161034665,
      "p25": 49960.944671635116,
      "p50": 58004.57645088213,
      "p75": 67189.43388991352,
      "p90": 71820.10940964564,
      "p95": 73875.70782537233,
      "p99": 76598.67224264097
    }
  },
  "details": {
    "DNSDialup": {
      "average": 0.0009113796199999997,
      "fastest": 0.000094827,
      "slowest": 0.00168811
    },
    "DNSLookup": {
      "average": 0.00003110918,
      "fastest": 0.000003927,
      "slowest": 0.001190261
    }
  },
  "statusCodeDistribution": {
    "200": 511976
  },
  "errorDistribution": {
    "Connection refused (os error 111)": 62268
  }
}