{
  "summary": {
    "successRate": 1,
    "total": 10.000656854,
    "slowest": 0.004011817,
    "fastest": 0.000177281,
    "average": 0.0008630370172909345,
    "requestsPerSec": 57818.40217512576,
    "totalData": 7516886,
    "sizePerRequest": 13,
    "sizePerSec": 751639.2282766349
  },
  "responseTimeHistogram": {
    "0.000177281": 1,
    "0.0005607346": 26509,
    "0.0009441882": 369077,
    "0.0013276418000000001": 181758,
    "0.0017110954": 712,
    "0.002094549": 93,
    "0.0024780026": 15,
    "0.0028614562": 8,
    "0.0032449098": 9,
    "0.0036283634": 15,
    "0.004011817": 25
  },
  "latencyPercentiles": {
    "p10": 0.000621901,
    "p25": 0.000787063,
    "p50": 0.000886743,
    "p75": 0.000963117,
    "p90": 0.001022631,
    "p95": 0.001072524,
    "p99": 0.001175307
  },
  "rps": {
    "mean": 57818.398593784,
    "stddev": 5377.190003703422,
    "max": 77542.47001082468,
    "percentiles": {
      "p10": 53114.823625713434,
      "p25": 54164.185816319055,
      "p50": 56107.866322858325,
      "p75": 60745.1784017491,
      "p90": 65820.30556426442,
      "p95": 68405.75292381838,
      "p99": 73306.74422046792
    }
  },
  "details": {
    "DNSDialup": {
      "average": 0.00069691406,
      "fastest": 0.000114572,
      "slowest": 0.001215419
    },
    "DNSLookup": {
      "average": 0.000007939880000000002,
      "fastest": 0.000003506,
      "slowest": 0.00003769
    }
  },
  "statusCodeDistribution": {
    "200": 578222
  },
  "errorDistribution": {}
}