{
  "summary": {
    "successRate": 1,
    "total": 10.000640756,
    "slowest": 0.347555739,
    "fastest": 0.001285349,
    "average": 0.007749600015811606,
    "requestsPerSec": 6444.187084846027,
    "totalData": 837798,
    "sizePerRequest": 13,
    "sizePerSec": 83774.43210299834
  },
  "responseTimeHistogram": {
    "0.001285349": 1,
    "0.035912387999999996": 64406,
    "0.070539427": 7,
    "0.105166466": 6,
    "0.13979350499999998": 5,
    "0.17442054399999998": 4,
    "0.20904758299999998": 4,
    "0.24367462199999998": 3,
    "0.278301661": 4,
    "0.31292869999999995": 2,
    "0.347555739": 4
  },
  "latencyPercentiles": {
    "p10": 0.006211423,
    "p25": 0.007155373,
    "p50": 0.007366886,
    "p75": 0.007943142,
    "p90": 0.00907398,
    "p95": 0.010175969,
    "p99": 0.011920127
  },
  "rps": {
    "mean": 6443.543038501044,
    "stddev": 1026.7881578087702,
    "max": 8423.671358885646,
    "percentiles": {
      "p10": 4951.055782332873,
      "p25": 6012.243934773374,
      "p50": 6691.340816955204,
      "p75": 6938.468255703314,
      "p90": 7641.59933847918,
      "p95": 8110.507974131419,
      "p99": 8337.60593782196
    }
  },
  "details": {
    "DNSDialup": {
      "average": 0.0007551601799999999,
      "fastest": 0.000076212,
      "slowest": 0.001208192
    },
    "DNSLookup": {
      "average": 0.000007417439999999998,
      "fastest": 0.000003657,
      "slowest": 0.000029726
    }
  },
  "statusCodeDistribution": {
    "200": 64446
  },
  "errorDistribution": {}
}