{
  "summary": {
    "successRate": 1,
    "total": 10.000548274,
    "slowest": 0.004196899,
    "fastest": 0.000046236,
    "average": 0.0006131527151181536,
    "requestsPerSec": 81355.93946536456,
    "totalData": 10576852,
    "sizePerRequest": 13,
    "sizePerSec": 1057627.2130497394
  },
  "responseTimeHistogram": {
    "0.000046236": 1,
    "0.00046130229999999996": 251003,
    "0.0008763685999999999": 450785,
    "0.0012914348999999998": 96469,
    "0.0017065011999999999": 13068,
    "0.0021215674999999997": 2190,
    "0.0025366337999999993": 39,
    "0.0029517000999999994": 14,
    "0.0033667663999999995": 4,
    "0.0037818326999999995": 13,
    "0.004196899": 18
  },
  "latencyPercentiles": {
    "p10": 0.000352799,
    "p25": 0.000433288,
    "p50": 0.000565074,
    "p75": 0.0007503,
    "p90": 0.000925316,
    "p95": 0.00103447,
    "p99": 0.001437182
  },
  "rps": {
    "mean": 81350.24863374779,
    "stddev": 11752.210653393682,
    "max": 102645.07932847289,
    "percentiles": {
      "p10": 63791.489292557766,
      "p25": 74045.67877923844,
      "p50": 83603.3775764606,
      "p75": 90338.45739213003,
      "p90": 94919.14519158525,
      "p95": 96675.11954250836,
      "p99": 99530.93294228564
    }
  },
  "details": {
    "DNSDialup": {
      "average": 0.0007449997999999999,
      "fastest": 0.000094947,
      "slowest": 0.001215631
    },
    "DNSLookup": {
      "average": 0.00000664654,
      "fastest": 0.000003216,
      "slowest": 0.000031368
    }
  },
  "statusCodeDistribution": {
    "200": 813604
  },
  "errorDistribution": {}
}