{
  "summary": {
    "successRate": 1,
    "total": 10.000580123,
    "slowest": 0.014482358,
    "fastest": 0.000335435,
    "average": 0.0030221098064863675,
    "requestsPerSec": 16507.44236530127,
    "totalData": 2146092,
    "sizePerRequest": 13,
    "sizePerSec": 214596.75074891653
  },
  "responseTimeHistogram": {
    "0.000335435": 1,
    "0.0017501273": 74,
    "0.0031648196": 138247,
    "0.0045795119": 25488,
    "0.0059942042000000004": 571,
    "0.0074088965000000005": 53,
    "0.0088235888": 599,
    "0.010238281100000001": 2,
    "0.0116529734": 9,
    "0.0130676657": 16,
    "0.014482358": 24
  },
  "latencyPercentiles": {
    "p10": 0.002753178,
    "p25": 0.002826136,
    "p50": 0.002907526,
    "p75": 0.003026197,
    "p90": 0.003565303,
    "p95": 0.003733611,
    "p99": 0.004314319
  },
  "rps": {
    "mean": 16510.056542563463,
    "stddev": 1667.8108623809412,
    "max": 21042.128445360162,
    "percentiles": {
      "p10": 15219.836012272577,
      "p25": 15924.677549164728,
      "p50": 16647.263245079208,
      "p75": 17468.923638214597,
      "p90": 18137.398418975543,
      "p95": 18427.57317774611,
      "p99": 19039.13684970857
    }
  },
  "details": {
    "DNSDialup": {
      "average": 0.0009259486799999999,
      "fastest": 0.000135774,
      "slowest": 0.001302813
    },
    "DNSLookup": {
      "average": 0.000007086220000000003,
      "fastest": 0.000003577,
      "slowest": 0.000030567
    }
  },
  "statusCodeDistribution": {
    "200": 165084
  },
  "errorDistribution": {}
}